"Date","Open","High","Low","Close","Volume","Adjusted"
"2011/12/09",0.795,0.814,0.795,0.797,106177233,0.78903
"2011/12/12",0.79,0.803,0.79,0.79,31106509,0.7821
"2011/12/13",0.788,0.788,0.763,0.768,96744368,0.76032
"2011/12/14",0.768,0.777,0.755,0.76,81609468,0.7524
"2011/12/15",0.755,0.764,0.747,0.752,41700501,0.74448
"2011/12/16",0.75,0.784,0.748,0.781,82938439,0.77319
"2011/12/19",0.775,0.795,0.766,0.795,106873520,0.78705
"2011/12/20",0.795,0.8,0.78,0.78,65199186,0.7722
"2011/12/21",0.786,0.791,0.766,0.766,48542546,0.75834
"2011/12/22",0.756,0.768,0.73,0.757,70938409,0.74943
"2011/12/23",0.75,0.773,0.749,0.761,101360317,0.75339
"2011/12/26",0.759,0.773,0.751,0.755,45685475,0.74745
"2011/12/27",0.75,0.754,0.727,0.729,109915971,0.72171
"2011/12/28",0.72,0.724,0.703,0.719,115703877,0.71181
"2011/12/29",0.713,0.726,0.711,0.718,33972047,0.71082
"2011/12/30",0.723,0.732,0.722,0.729,77257522,0.72171
"2012/01/04",0.735,0.739,0.708,0.708,36049353,0.70092
"2012/01/05",0.705,0.705,0.666,0.672,66382216,0.66528
"2012/01/06",0.668,0.676,0.647,0.67,138794086,0.6633
"2012/01/09",0.667,0.698,0.658,0.696,177847065,0.68904
"2012/01/10",0.696,0.722,0.691,0.72,75556135,0.7128
"2012/01/11",0.717,0.731,0.711,0.723,125941378,0.71577
"2012/01/12",0.717,0.73,0.71,0.711,79838620,0.70389
"2012/01/13",0.709,0.711,0.666,0.668,211204112,0.66132
"2012/01/16",0.656,0.66,0.635,0.635,92503548,0.62865
"2012/01/17",0.635,0.67,0.627,0.666,226998258,0.65934
"2012/01/18",0.665,0.669,0.624,0.624,87704156,0.61776
"2012/01/19",0.619,0.639,0.615,0.635,101084632,0.62865
"2012/01/20",0.634,0.653,0.634,0.648,107639898,0.64152
"2012/01/30",0.649,0.663,0.645,0.655,92379698,0.64845
"2012/01/31",0.652,0.655,0.638,0.65,62003253,0.6435
"2012/02/01",0.651,0.666,0.648,0.653,150784765,0.64647
"2012/02/02",0.654,0.67,0.653,0.67,73896736,0.6633
"2012/02/03",0.669,0.685,0.664,0.682,103945854,0.67518
"2012/02/06",0.683,0.693,0.683,0.69,129940592,0.6831
"2012/02/07",0.683,0.685,0.671,0.675,109232272,0.66825
"2012/02/08",0.677,0.697,0.671,0.696,200855440,0.68904
"2012/02/09",0.694,0.708,0.693,0.701,116409290,0.69399
"2012/02/10",0.7,0.708,0.695,0.701,113099853,0.69399
"2012/02/13",0.694,0.721,0.691,0.718,117284667,0.71082
"2012/02/14",0.715,0.719,0.708,0.715,58079239,0.70785
"2012/02/15",0.714,0.727,0.708,0.726,79149852,0.71874
"2012/02/16",0.723,0.734,0.715,0.723,50055725,0.71577
"2012/02/17",0.726,0.728,0.71,0.719,67987778,0.71181
"2012/02/20",0.725,0.734,0.722,0.723,39183956,0.71577
"2012/02/21",0.721,0.739,0.716,0.738,77306937,0.73062
"2012/02/22",0.738,0.767,0.737,0.762,193157652,0.75438
"2012/02/23",0.765,0.768,0.75,0.76,124234294,0.7524
"2012/02/24",0.758,0.768,0.755,0.764,136445093,0.75636
"2012/02/27",0.764,0.774,0.761,0.763,110213497,0.75537
"2012/02/28",0.758,0.759,0.74,0.75,93806668,0.7425
"2012/02/29",0.745,0.751,0.734,0.737,82783745,0.72963
"2012/03/01",0.733,0.75,0.733,0.743,82547419,0.73557
"2012/03/02",0.744,0.759,0.743,0.759,64597655,0.75141
"2012/03/05",0.76,0.769,0.758,0.761,47158413,0.75339
"2012/03/06",0.756,0.76,0.744,0.752,54151725,0.74448
"2012/03/07",0.743,0.761,0.74,0.749,61384482,0.74151
"2012/03/08",0.75,0.766,0.75,0.765,40179180,0.75735
"2012/03/09",0.767,0.78,0.765,0.779,122944479,0.77121
"2012/03/12",0.783,0.787,0.779,0.786,107803775,0.77814
"2012/03/13",0.787,0.794,0.783,0.793,35307491,0.78507
"2012/03/14",0.8,0.802,0.751,0.756,125620708,0.74844
"2012/03/15",0.759,0.762,0.735,0.747,129150597,0.73953
"2012/03/16",0.749,0.769,0.747,0.767,98307629,0.75933
"2012/03/19",0.764,0.783,0.763,0.78,65436559,0.7722
"2012/03/20",0.775,0.776,0.755,0.756,89051865,0.74844
"2012/03/21",0.759,0.763,0.738,0.75,68199854,0.7425
"2012/03/22",0.75,0.759,0.743,0.752,51353588,0.74448
"2012/03/23",0.75,0.752,0.735,0.74,77648840,0.7326
"2012/03/26",0.738,0.744,0.732,0.739,21587764,0.73161
"2012/03/27",0.746,0.748,0.735,0.737,37273852,0.72963
"2012/03/28",0.733,0.733,0.699,0.7,46298274,0.693
"2012/03/29",0.698,0.698,0.678,0.686,64397461,0.67914
"2012/03/30",0.686,0.69,0.677,0.683,27879706,0.67617
"2012/04/05",0.68,0.702,0.678,0.701,64860940,0.69399
"2012/04/06",0.7,0.708,0.695,0.703,50509288,0.69597
"2012/04/09",0.701,0.705,0.691,0.691,25538368,0.68409
"2012/04/10",0.691,0.701,0.675,0.7,43221725,0.693
"2012/04/11",0.69,0.704,0.688,0.701,40536954,0.69399
"2012/04/12",0.701,0.718,0.699,0.718,71346332,0.71082
"2012/04/13",0.719,0.728,0.716,0.722,63592246,0.71478
"2012/04/16",0.715,0.723,0.713,0.719,37035197,0.71181
"2012/04/17",0.719,0.721,0.708,0.71,35016344,0.7029
"2012/04/18",0.713,0.73,0.712,0.728,124734698,0.72072
"2012/04/19",0.726,0.732,0.724,0.728,61837906,0.72072
"2012/04/20",0.726,0.732,0.723,0.729,54608149,0.72171
"2012/04/23",0.725,0.725,0.686,0.686,141603364,0.67914
"2012/04/24",0.681,0.691,0.664,0.683,68260112,0.67617
"2012/04/25",0.681,0.688,0.676,0.684,34922139,0.67716
"2012/04/26",0.689,0.689,0.676,0.681,36139006,0.67419
"2012/04/27",0.68,0.693,0.678,0.688,44496474,0.68112
"2012/05/02",0.696,0.701,0.689,0.698,66155099,0.69102
"2012/05/03",0.697,0.704,0.694,0.703,58050455,0.69597
"2012/05/04",0.703,0.719,0.703,0.719,84968457,0.71181
"2012/05/07",0.717,0.737,0.714,0.737,96135401,0.72963
"2012/05/08",0.739,0.743,0.734,0.734,115937726,0.72666
"2012/05/09",0.729,0.733,0.722,0.724,64441568,0.71676
"2012/05/10",0.725,0.735,0.723,0.732,75957655,0.72468
"2012/05/11",0.73,0.735,0.722,0.722,58180736,0.71478
"2012/05/14",0.728,0.735,0.721,0.722,88465803,0.71478
"2012/05/15",0.718,0.725,0.713,0.724,43185327,0.71676
"2012/05/16",0.723,0.727,0.714,0.714,60953167,0.70686
"2012/05/17",0.715,0.724,0.707,0.72,51216976,0.7128
"2012/05/18",0.715,0.722,0.709,0.712,31018237,0.70488
"2012/05/21",0.712,0.717,0.703,0.708,62550838,0.70092
"2012/05/22",0.711,0.722,0.711,0.721,42735561,0.71379
"2012/05/23",0.72,0.722,0.71,0.716,19088100,0.70884
"2012/05/24",0.715,0.723,0.714,0.716,60866808,0.70884
"2012/05/25",0.718,0.72,0.705,0.706,35070003,0.69894
"2012/05/28",0.701,0.714,0.69,0.712,86387113,0.70488
"2012/05/29",0.709,0.733,0.708,0.725,57021354,0.71775
"2012/05/30",0.725,0.737,0.723,0.732,50587200,0.72468
"2012/05/31",0.73,0.747,0.728,0.74,85139504,0.7326
"2012/06/01",0.739,0.746,0.735,0.739,42483793,0.73161
"2012/06/04",0.727,0.741,0.723,0.723,39990180,0.71577
"2012/06/05",0.724,0.73,0.718,0.721,24605532,0.71379
"2012/06/06",0.723,0.729,0.716,0.72,18724091,0.7128
"2012/06/07",0.725,0.732,0.715,0.717,17286572,0.70983
"2012/06/08",0.724,0.728,0.715,0.721,60689409,0.71379
"2012/06/11",0.721,0.744,0.72,0.744,88951619,0.73656
"2012/06/12",0.74,0.746,0.738,0.741,161794363,0.73359
"2012/06/13",0.743,0.753,0.742,0.752,62582187,0.74448
"2012/06/14",0.751,0.757,0.744,0.745,57417836,0.73755
"2012/06/15",0.748,0.753,0.739,0.747,42084330,0.73953
"2012/06/18",0.755,0.763,0.751,0.759,41460875,0.75141
"2012/06/19",0.758,0.758,0.751,0.752,39424947,0.74448
"2012/06/20",0.755,0.758,0.751,0.754,79528526,0.74646
"2012/06/21",0.753,0.753,0.737,0.744,35010049,0.73656
"2012/06/25",0.74,0.742,0.729,0.73,24872658,0.7227
"2012/06/26",0.725,0.727,0.71,0.721,97951242,0.71379
"2012/06/27",0.72,0.736,0.719,0.725,53839931,0.71775
"2012/06/28",0.726,0.735,0.716,0.716,38871861,0.70884
"2012/06/29",0.713,0.734,0.712,0.734,103093483,0.72666
"2012/07/02",0.74,0.753,0.735,0.75,48454872,0.7425
"2012/07/03",0.747,0.758,0.745,0.749,41713708,0.74151
"2012/07/04",0.752,0.753,0.742,0.743,26566941,0.73557
"2012/07/05",0.741,0.741,0.726,0.728,77129886,0.72072
"2012/07/06",0.732,0.745,0.718,0.745,166487193,0.73755
"2012/07/09",0.74,0.743,0.725,0.725,67771597,0.71775
"2012/07/10",0.724,0.727,0.716,0.72,63100580,0.7128
"2012/07/11",0.719,0.726,0.713,0.726,42700395,0.71874
"2012/07/12",0.723,0.742,0.721,0.738,64080635,0.73062
"2012/07/13",0.737,0.741,0.726,0.73,43571789,0.7227
"2012/07/16",0.73,0.73,0.696,0.697,28504680,0.69003
"2012/07/17",0.688,0.702,0.688,0.702,41081541,0.69498
"2012/07/18",0.698,0.708,0.69,0.707,64955095,0.69993
"2012/07/19",0.704,0.72,0.704,0.714,71316491,0.70686
"2012/07/20",0.714,0.719,0.709,0.71,28183283,0.7029
"2012/07/23",0.701,0.714,0.701,0.711,25423085,0.70389
"2012/07/24",0.707,0.718,0.702,0.711,49017203,0.70389
"2012/07/25",0.711,0.721,0.708,0.713,37004949,0.70587
"2012/07/26",0.712,0.723,0.709,0.712,39628937,0.70488
"2012/07/27",0.715,0.716,0.704,0.709,19343650,0.70191
"2012/07/30",0.708,0.714,0.692,0.694,12982138,0.68706
"2012/07/31",0.691,0.693,0.678,0.683,139290882,0.67617
"2012/08/01",0.682,0.701,0.682,0.695,81192448,0.68805
"2012/08/02",0.694,0.7,0.689,0.695,39625857,0.68805
"2012/08/03",0.697,0.719,0.695,0.719,59682184,0.71181
"2012/08/06",0.714,0.738,0.712,0.736,84642691,0.72864
"2012/08/07",0.736,0.743,0.735,0.741,39016527,0.73359
"2012/08/08",0.741,0.741,0.728,0.735,28718711,0.72765
"2012/08/09",0.736,0.749,0.732,0.748,62206315,0.74052
"2012/08/10",0.747,0.75,0.739,0.748,26009581,0.74052
"2012/08/13",0.746,0.747,0.732,0.732,20254523,0.72468
"2012/08/14",0.73,0.743,0.717,0.742,80927149,0.73458
"2012/08/15",0.739,0.742,0.733,0.734,40284758,0.72666
"2012/08/16",0.732,0.736,0.727,0.729,17266144,0.72171
"2012/08/17",0.727,0.729,0.718,0.727,42804460,0.71973
"2012/08/20",0.719,0.738,0.717,0.736,73989323,0.72864
"2012/08/21",0.735,0.758,0.734,0.753,95965895,0.74547
"2012/08/22",0.753,0.762,0.747,0.752,69073991,0.74448
"2012/08/23",0.751,0.758,0.748,0.755,68160336,0.74745
"2012/08/24",0.753,0.756,0.739,0.739,34891509,0.73161
"2012/08/27",0.736,0.736,0.726,0.728,57511585,0.72072
"2012/08/28",0.727,0.74,0.722,0.733,104145511,0.72567
"2012/08/29",0.73,0.741,0.727,0.731,71466951,0.72369
"2012/08/30",0.727,0.734,0.697,0.707,209821628,0.69993
"2012/08/31",0.704,0.715,0.702,0.713,70363450,0.70587
"2012/09/03",0.71,0.73,0.705,0.729,91480052,0.72171
"2012/09/04",0.729,0.737,0.725,0.728,41094527,0.72072
"2012/09/05",0.724,0.738,0.722,0.736,63744297,0.72864
"2012/09/06",0.738,0.745,0.732,0.744,50469347,0.73656
"2012/09/07",0.748,0.776,0.748,0.766,131526750,0.75834
"2012/09/10",0.768,0.77,0.76,0.767,77966842,0.75933
"2012/09/11",0.764,0.768,0.76,0.766,26411001,0.75834
"2012/09/12",0.768,0.771,0.758,0.766,56721059,0.75834
"2012/09/13",0.766,0.771,0.751,0.751,26380696,0.74349
"2012/09/14",0.755,0.759,0.745,0.748,51715084,0.74052
"2012/09/17",0.746,0.746,0.727,0.727,35880315,0.71973
"2012/09/18",0.723,0.736,0.723,0.729,64704368,0.72171
"2012/09/19",0.729,0.736,0.727,0.734,88320518,0.72666
"2012/09/20",0.733,0.733,0.707,0.712,26999672,0.70488
"2012/09/21",0.712,0.713,0.694,0.694,104414499,0.68706
"2012/09/24",0.69,0.702,0.682,0.696,121017821,0.68904
"2012/09/25",0.69,0.699,0.684,0.684,22457642,0.67716
"2012/09/26",0.686,0.687,0.664,0.666,29980187,0.65934
"2012/09/27",0.67,0.686,0.668,0.683,126248937,0.67617
"2012/09/28",0.677,0.696,0.674,0.696,181137389,0.68904
"2012/10/08",0.69,0.697,0.68,0.697,21813652,0.69003
"2012/10/09",0.698,0.718,0.693,0.717,68931516,0.70983
"2012/10/10",0.716,0.727,0.711,0.725,62208751,0.71775
"2012/10/11",0.725,0.729,0.715,0.717,33641227,0.70983
"2012/10/12",0.717,0.726,0.703,0.711,54610746,0.70389
"2012/10/15",0.712,0.712,0.697,0.708,17288698,0.70092
"2012/10/16",0.707,0.716,0.702,0.709,66098142,0.70191
"2012/10/17",0.709,0.715,0.704,0.713,58684158,0.70587
"2012/10/18",0.713,0.727,0.713,0.724,66079965,0.71676
"2012/10/19",0.724,0.727,0.719,0.723,20099899,0.71577
"2012/10/22",0.717,0.729,0.717,0.728,17094578,0.72072
"2012/10/23",0.729,0.73,0.712,0.713,25588521,0.70587
"2012/10/24",0.708,0.718,0.708,0.711,18770734,0.70389
"2012/10/25",0.71,0.717,0.699,0.699,30746805,0.69201
"2012/10/26",0.699,0.699,0.683,0.688,22324010,0.68112
"2012/10/29",0.688,0.695,0.685,0.692,13186491,0.68508
"2012/10/30",0.691,0.7,0.69,0.692,25852029,0.68508
"2012/10/31",0.692,0.696,0.688,0.695,10835526,0.68805
"2012/11/01",0.697,0.708,0.695,0.706,24939042,0.69894
"2012/11/02",0.704,0.707,0.7,0.705,13404026,0.69795
"2012/11/05",0.705,0.707,0.694,0.696,14044895,0.68904
"2012/11/06",0.693,0.696,0.683,0.693,11802459,0.68607
"2012/11/07",0.694,0.697,0.69,0.692,9188159,0.68508
"2012/11/08",0.687,0.689,0.679,0.679,10300303,0.67221
"2012/11/09",0.678,0.683,0.676,0.678,6268742,0.67122
"2012/11/12",0.679,0.685,0.675,0.682,12094975,0.67518
"2012/11/13",0.682,0.682,0.669,0.671,7374979,0.66429
"2012/11/14",0.671,0.672,0.661,0.669,9047809,0.66231
"2012/11/15",0.667,0.671,0.661,0.663,7733907,0.65637
"2012/11/16",0.663,0.664,0.658,0.661,9828079,0.65439
"2012/11/19",0.661,0.661,0.65,0.661,14123938,0.65439
"2012/11/20",0.662,0.666,0.658,0.661,12409853,0.65439
"2012/11/21",0.661,0.668,0.65,0.666,46270641,0.65934
"2012/11/22",0.662,0.662,0.653,0.655,8140957,0.64845
"2012/11/23",0.657,0.66,0.652,0.656,8437833,0.64944
"2012/11/26",0.656,0.656,0.642,0.643,8113600,0.63657
"2012/11/27",0.644,0.644,0.619,0.62,28968509,0.6138
"2012/11/28",0.617,0.62,0.609,0.611,31301541,0.60489
"2012/11/29",0.613,0.616,0.606,0.607,22792600,0.60093
"2012/11/30",0.605,0.613,0.604,0.608,42381935,0.60192
"2012/12/03",0.608,0.611,0.597,0.598,15245044,0.59202
"2012/12/04",0.597,0.607,0.589,0.603,64427685,0.59697
"2012/12/05",0.603,0.632,0.6,0.627,85507086,0.62073
"2012/12/06",0.627,0.633,0.622,0.626,24512200,0.61974
"2012/12/07",0.626,0.642,0.623,0.641,58498592,0.63459
"2012/12/10",0.641,0.652,0.638,0.649,41943840,0.64251
"2012/12/11",0.647,0.649,0.641,0.642,14042117,0.63558
"2012/12/12",0.641,0.644,0.633,0.642,21108548,0.63558
"2012/12/13",0.64,0.644,0.632,0.633,10948357,0.62667
"2012/12/14",0.633,0.663,0.633,0.661,142672426,0.65439
"2012/12/17",0.661,0.663,0.647,0.654,27717358,0.64746
"2012/12/18",0.652,0.659,0.647,0.649,33036352,0.64251
"2012/12/19",0.65,0.658,0.647,0.654,43081640,0.64746
"2012/12/20",0.651,0.661,0.65,0.661,32403816,0.65439
"2012/12/21",0.661,0.674,0.656,0.671,45646142,0.66429
"2012/12/24",0.668,0.683,0.667,0.683,32731848,0.67617
"2012/12/25",0.678,0.699,0.678,0.697,43877428,0.69003
"2012/12/26",0.697,0.713,0.692,0.711,29809132,0.70389
"2012/12/27",0.712,0.715,0.7,0.703,64055608,0.69597
"2012/12/28",0.701,0.709,0.696,0.709,40372973,0.70191
"2012/12/31",0.711,0.713,0.705,0.713,46928031,0.70587
"2013/01/04",0.72,0.721,0.7,0.708,19537489,0.70092
"2013/01/07",0.703,0.721,0.702,0.721,41333844,0.71379
"2013/01/08",0.72,0.74,0.717,0.737,80299897,0.72963
"2013/01/09",0.734,0.742,0.728,0.735,46482286,0.72765
"2013/01/10",0.734,0.746,0.731,0.743,37349807,0.73557
"2013/01/11",0.744,0.747,0.73,0.731,40108612,0.72369
"2013/01/14",0.73,0.764,0.73,0.762,58161763,0.75438
"2013/01/15",0.766,0.784,0.765,0.78,66524534,0.7722
"2013/01/16",0.78,0.78,0.761,0.774,33589732,0.76626
"2013/01/17",0.774,0.777,0.767,0.768,40274818,0.76032
"2013/01/18",0.772,0.79,0.772,0.79,88875828,0.7821
"2013/01/21",0.79,0.795,0.783,0.794,32288052,0.78606
"2013/01/22",0.792,0.793,0.769,0.774,63626043,0.76626
"2013/01/23",0.774,0.783,0.764,0.781,36537189,0.77319
"2013/01/24",0.78,0.788,0.752,0.759,64338131,0.75141
"2013/01/25",0.755,0.768,0.755,0.763,31868315,0.75537
"2013/01/28",0.764,0.786,0.764,0.786,43137968,0.77814
"2013/01/29",0.788,0.797,0.786,0.792,42708715,0.78408
"2013/01/30",0.793,0.793,0.777,0.784,37624397,0.77616
"2013/01/31",0.784,0.786,0.771,0.78,23784124,0.7722
"2013/02/01",0.778,0.787,0.774,0.783,43191947,0.77517
"2013/02/04",0.784,0.788,0.766,0.771,37895109,0.76329
"2013/02/05",0.767,0.785,0.766,0.784,43681444,0.77616
"2013/02/06",0.782,0.796,0.78,0.791,81640392,0.78309
"2013/02/07",0.79,0.807,0.788,0.806,80922160,0.79794
"2013/02/08",0.806,0.825,0.805,0.822,111725790,0.81378
"2013/02/18",0.827,0.834,0.823,0.832,82244059,0.82368
"2013/02/19",0.833,0.833,0.814,0.818,72587337,0.80982
"2013/02/20",0.816,0.851,0.815,0.851,105582763,0.84249
"2013/02/21",0.845,0.853,0.827,0.838,82168668,0.82962
"2013/02/22",0.837,0.848,0.833,0.835,45380771,0.82665
"2013/02/25",0.833,0.857,0.833,0.854,68782258,0.84546
"2013/02/26",0.851,0.864,0.844,0.85,85234316,0.8415
"2013/02/27",0.85,0.855,0.833,0.842,53116091,0.83358
"2013/02/28",0.843,0.861,0.84,0.86,47931870,0.8514
"2013/03/01",0.86,0.885,0.858,0.885,80017349,0.87615
"2013/03/04",0.878,0.886,0.849,0.863,94783162,0.85437
"2013/03/05",0.863,0.887,0.854,0.887,72876972,0.87813
"2013/03/06",0.888,0.904,0.886,0.902,63877917,0.89298
"2013/03/07",0.899,0.9,0.865,0.88,69540442,0.8712
"2013/03/08",0.878,0.883,0.858,0.863,53878700,0.85437
"2013/03/11",0.859,0.871,0.854,0.867,20808463,0.85833
"2013/03/12",0.867,0.871,0.825,0.836,80640878,0.82764
"2013/03/13",0.832,0.836,0.817,0.832,37738743,0.82368
"2013/03/14",0.829,0.845,0.825,0.84,44790476,0.8316
"2013/03/15",0.837,0.868,0.834,0.853,64648249,0.84447
"2013/03/18",0.848,0.861,0.845,0.85,66070983,0.8415
"2013/03/19",0.847,0.853,0.826,0.841,26053385,0.83259
"2013/03/20",0.841,0.865,0.838,0.864,80971338,0.85536
"2013/03/21",0.865,0.886,0.865,0.88,69038105,0.8712
"2013/03/22",0.878,0.883,0.872,0.878,32516963,0.86922
"2013/03/25",0.882,0.884,0.87,0.88,33123223,0.8712
"2013/03/26",0.875,0.879,0.856,0.872,50471455,0.86328
"2013/03/27",0.872,0.884,0.87,0.882,30565501,0.87318
"2013/03/28",0.87,0.877,0.855,0.864,41656096,0.85536
"2013/03/29",0.865,0.87,0.857,0.86,33970608,0.8514
"2013/04/01",0.861,0.88,0.85,0.875,19252321,0.86625
"2013/04/02",0.877,0.884,0.839,0.847,39050378,0.83853
"2013/04/03",0.84,0.848,0.825,0.829,21859608,0.82071
"2013/04/08",0.821,0.854,0.815,0.854,35171044,0.84546
"2013/04/09",0.853,0.864,0.848,0.86,19785933,0.8514
"2013/04/10",0.857,0.86,0.839,0.849,22429188,0.84051
"2013/04/11",0.85,0.856,0.845,0.849,11417311,0.84051
"2013/04/12",0.835,0.851,0.835,0.844,8120409,0.83556
"2013/04/15",0.844,0.844,0.83,0.834,29175772,0.82566
"2013/04/16",0.827,0.843,0.821,0.842,14293558,0.83358
"2013/04/17",0.842,0.867,0.838,0.866,26830427,0.85734
"2013/04/18",0.861,0.876,0.857,0.871,22591231,0.86229
"2013/04/19",0.872,0.897,0.871,0.891,60732016,0.88209
"2013/04/22",0.891,0.915,0.888,0.915,54564664,0.90585
"2013/04/23",0.919,0.919,0.887,0.892,38997560,0.88308
"2013/04/24",0.892,0.926,0.89,0.926,60407978,0.91674
"2013/04/25",0.923,0.937,0.898,0.898,71162630,0.88902
"2013/04/26",0.892,0.902,0.882,0.89,49671496,0.8811
"2013/05/02",0.887,0.914,0.878,0.914,34646148,0.90486
"2013/05/03",0.916,0.939,0.914,0.938,55372998,0.92862
"2013/05/06",0.94,0.962,0.938,0.953,48196096,0.94347
"2013/05/07",0.951,0.963,0.944,0.95,39309862,0.9405
"2013/05/08",0.956,0.982,0.955,0.982,43483107,0.97218
"2013/05/09",0.979,0.993,0.972,0.99,51813260,0.9801
"2013/05/10",0.986,0.993,0.97,0.987,50611636,0.97713
"2013/05/13",0.985,0.992,0.974,0.991,111349091,0.98109
"2013/05/14",0.99,0.99,0.964,0.971,36797076,0.96129
"2013/05/15",0.971,1.01,0.971,1.01,96960367,0.9999
"2013/05/16",1.011,1.034,0.992,1.007,148043706,0.99693
"2013/05/17",1.005,1.027,0.998,1.017,57993639,1.00683
"2013/05/20",1.017,1.05,1.016,1.048,65189111,1.03752
"2013/05/21",1.047,1.074,1.04,1.073,66453205,1.06227
"2013/05/22",1.072,1.072,1.031,1.039,96895580,1.02861
"2013/05/23",1.026,1.059,1.026,1.043,107334065,1.03257
"2013/05/24",1.043,1.072,1.043,1.07,56049550,1.0593
"2013/05/27",1.066,1.089,1.066,1.085,72546985,1.07415
"2013/05/28",1.084,1.084,1.046,1.054,66214516,1.04346
"2013/05/29",1.053,1.064,1.047,1.064,66232191,1.05336
"2013/05/30",1.059,1.075,1.053,1.068,55901595,1.05732
"2013/05/31",1.066,1.084,1.063,1.067,53609301,1.05633
"2013/06/03",1.06,1.07,1.045,1.046,50084057,1.03554
"2013/06/04",1.046,1.046,1.007,1.02,45372643,1.0098
"2013/06/05",1.019,1.037,1.019,1.035,59763506,1.02465
"2013/06/06",1.025,1.03,1.018,1.018,24087467,1.00782
"2013/06/07",1.02,1.038,1.014,1.032,56256498,1.02168
"2013/06/13",1.018,1.028,0.981,1.024,53575347,1.01376
"2013/06/14",1.027,1.07,1.013,1.069,81222553,1.05831
"2013/06/17",1.073,1.09,1.064,1.067,100966685,1.05633
"2013/06/18",1.067,1.076,1.047,1.068,62766125,1.05732
"2013/06/19",1.06,1.069,1.049,1.064,88571309,1.05336
"2013/06/20",1.055,1.067,1.023,1.023,72636691,1.01277
"2013/06/21",1,1.032,0.985,1.027,69520466,1.01673
"2013/06/24",1.016,1.018,0.954,0.963,87046230,0.95337
"2013/06/25",0.946,0.994,0.902,0.986,126076277,0.97614
"2013/06/26",0.982,1.045,0.978,1.045,168099541,1.03455
"2013/06/27",1.045,1.064,1.016,1.02,143409835,1.0098
"2013/06/28",1.003,1.044,0.996,1.003,76332002,0.99297
"2013/07/01",1.002,1.06,1,1.06,188146365,1.0494
"2013/07/02",1.059,1.084,1.055,1.083,325397137,1.07217
"2013/07/03",1.072,1.107,1.06,1.1,320637830,1.089
"2013/07/04",1.093,1.103,1.082,1.087,217787317,1.07613
"2013/07/05",1.086,1.089,1.052,1.052,110469680,1.04148
"2013/07/08",1.024,1.055,1.011,1.027,217386027,1.01673
"2013/07/09",1.026,1.052,1.02,1.048,215988760,1.03752
"2013/07/10",1.046,1.069,1.044,1.069,155114114,1.05831
"2013/07/11",1.068,1.082,1.05,1.082,68092115,1.07118
"2013/07/12",1.081,1.119,1.075,1.092,180800890,1.08108
"2013/07/15",1.088,1.14,1.088,1.138,224485829,1.12662
"2013/07/16",1.14,1.15,1.126,1.137,272521807,1.12563
"2013/07/17",1.135,1.147,1.115,1.126,165319869,1.11474
"2013/07/18",1.119,1.136,1.111,1.124,214376217,1.11276
"2013/07/19",1.124,1.153,1.106,1.106,284660299,1.09494
"2013/07/22",1.099,1.154,1.099,1.154,257060520,1.14246
"2013/07/23",1.156,1.18,1.156,1.173,217372788,1.16127
"2013/07/24",1.174,1.203,1.17,1.2,373226875,1.188
"2013/07/25",1.198,1.2,1.14,1.147,235604769,1.13553
"2013/07/26",1.14,1.156,1.122,1.152,262661640,1.14048
"2013/07/29",1.143,1.158,1.123,1.124,281027409,1.11276
"2013/07/30",1.124,1.135,1.084,1.11,231429045,1.0989
"2013/07/31",1.111,1.13,1.103,1.122,229175206,1.11078
"2013/08/01",1.123,1.182,1.121,1.177,368474182,1.16523
"2013/08/02",1.182,1.193,1.168,1.169,302862476,1.15731
"2013/08/05",1.167,1.193,1.166,1.193,208614412,1.18107
"2013/08/06",1.186,1.206,1.184,1.196,195885673,1.18404
"2013/08/07",1.196,1.196,1.158,1.162,197447374,1.15038
"2013/08/08",1.155,1.184,1.151,1.171,216354262,1.15929
"2013/08/09",1.171,1.181,1.137,1.161,181530192,1.14939
"2013/08/12",1.159,1.172,1.132,1.152,129442153,1.14048
"2013/08/13",1.153,1.169,1.138,1.163,178080185,1.15137
"2013/08/14",1.16,1.172,1.145,1.172,232477416,1.16028
"2013/08/15",1.165,1.172,1.151,1.151,240583883,1.13949
"2013/08/16",1.142,1.163,1.117,1.117,163515860,1.10583
"2013/08/19",1.112,1.164,1.11,1.164,225059549,1.15236
"2013/08/20",1.16,1.168,1.15,1.16,164253401,1.1484
"2013/08/21",1.159,1.172,1.155,1.164,171215084,1.15236
"2013/08/22",1.163,1.191,1.163,1.181,141517411,1.16919
"2013/08/23",1.186,1.211,1.173,1.198,262451783,1.18602
"2013/08/26",1.202,1.226,1.2,1.22,153237907,1.2078
"2013/08/27",1.218,1.233,1.207,1.229,159495245,1.21671
"2013/08/28",1.225,1.234,1.207,1.209,134259034,1.19691
"2013/08/29",1.207,1.219,1.2,1.207,123774919,1.19493
"2013/08/30",1.201,1.207,1.162,1.171,151588571,1.15929
"2013/09/02",1.17,1.197,1.164,1.197,129163660,1.18503
"2013/09/03",1.196,1.217,1.195,1.214,98270792,1.20186
"2013/09/04",1.214,1.228,1.208,1.215,100494055,1.20285
"2013/09/05",1.215,1.25,1.211,1.248,109500097,1.23552
"2013/09/06",1.248,1.269,1.235,1.262,116055554,1.24938
"2013/09/09",1.262,1.265,1.236,1.255,85388528,1.24245
"2013/09/10",1.253,1.259,1.233,1.244,61448124,1.23156
"2013/09/11",1.242,1.242,1.197,1.202,112918859,1.18998
"2013/09/12",1.201,1.219,1.189,1.207,174059549,1.19493
"2013/09/13",1.21,1.242,1.188,1.235,182089242,1.22265
"2013/09/16",1.231,1.276,1.231,1.257,265073377,1.24443
"2013/09/17",1.254,1.265,1.245,1.246,126368601,1.23354
"2013/09/18",1.246,1.272,1.241,1.265,132695001,1.25235
"2013/09/23",1.266,1.306,1.266,1.3,138680646,1.287
"2013/09/24",1.303,1.318,1.288,1.305,177328537,1.29195
"2013/09/25",1.303,1.324,1.296,1.299,127497114,1.28601
"2013/09/26",1.296,1.312,1.277,1.281,113632629,1.26819
"2013/09/27",1.28,1.31,1.28,1.308,115155188,1.29492
"2013/09/30",1.314,1.35,1.31,1.346,96413993,1.33254
"2013/10/08",1.35,1.365,1.337,1.36,155293983,1.3464
"2013/10/09",1.356,1.393,1.352,1.39,138640679,1.3761
"2013/10/10",1.395,1.399,1.348,1.349,138756164,1.33551
"2013/10/11",1.35,1.363,1.333,1.36,80565581,1.3464
"2013/10/14",1.36,1.373,1.345,1.373,118467141,1.35927
"2013/10/15",1.372,1.387,1.353,1.365,140371118,1.35135
"2013/10/16",1.365,1.367,1.301,1.312,179833850,1.29888
"2013/10/17",1.314,1.335,1.294,1.299,116732967,1.28601
"2013/10/18",1.301,1.332,1.301,1.332,128419028,1.31868
"2013/10/21",1.333,1.379,1.333,1.376,136993465,1.36224
"2013/10/22",1.373,1.382,1.318,1.318,201733138,1.30482
"2013/10/23",1.313,1.313,1.268,1.289,177368267,1.27611
"2013/10/24",1.28,1.295,1.264,1.268,123876109,1.25532
"2013/10/25",1.267,1.283,1.231,1.252,142229634,1.23948
"2013/10/28",1.252,1.264,1.237,1.255,155347491,1.24245
"2013/10/29",1.251,1.269,1.184,1.234,256558216,1.22166
"2013/10/30",1.233,1.252,1.223,1.252,125651392,1.23948
"2013/10/31",1.243,1.245,1.207,1.211,122514009,1.19889
"2013/11/01",1.206,1.21,1.176,1.199,142773316,1.18701
"2013/11/04",1.195,1.219,1.19,1.202,122639677,1.18998
"2013/11/05",1.192,1.238,1.183,1.236,176710254,1.22364
"2013/11/06",1.23,1.254,1.219,1.22,218191653,1.2078
"2013/11/07",1.211,1.227,1.197,1.2,170211360,1.188
"2013/11/08",1.188,1.204,1.181,1.189,168914812,1.17711
"2013/11/11",1.185,1.203,1.168,1.19,111833278,1.1781
"2013/11/12",1.19,1.215,1.186,1.206,106082153,1.19394
"2013/11/13",1.2,1.214,1.188,1.189,141277872,1.17711
"2013/11/14",1.18,1.23,1.178,1.225,225249751,1.21275
"2013/11/15",1.227,1.264,1.225,1.247,158039931,1.23453
"2013/11/18",1.251,1.273,1.249,1.268,110270863,1.25532
"2013/11/19",1.267,1.288,1.262,1.276,122213400,1.26324
"2013/11/20",1.275,1.279,1.258,1.274,128128446,1.26126
"2013/11/21",1.265,1.281,1.263,1.272,104454351,1.25928
"2013/11/22",1.269,1.278,1.258,1.268,78575564,1.25532
"2013/11/25",1.26,1.281,1.259,1.272,62494586,1.25928
"2013/11/26",1.263,1.275,1.255,1.265,64142615,1.25235
"2013/11/27",1.262,1.315,1.262,1.308,139028220,1.29492
"2013/11/28",1.308,1.318,1.302,1.311,67398355,1.29789
"2013/11/29",1.31,1.344,1.308,1.341,121733281,1.32759
"2013/12/02",1.27,1.293,1.207,1.208,283370844,1.19592
"2013/12/03",1.181,1.237,1.176,1.227,256085876,1.21473
"2013/12/04",1.219,1.254,1.212,1.22,103354782,1.2078
"2013/12/05",1.208,1.213,1.178,1.18,88898805,1.1682
"2013/12/06",1.176,1.194,1.172,1.186,94811908,1.17414
"2013/12/09",1.187,1.219,1.186,1.217,140312176,1.20483
"2013/12/10",1.22,1.227,1.203,1.208,94671623,1.19592
"2013/12/11",1.205,1.233,1.203,1.228,96167899,1.21572
"2013/12/12",1.221,1.261,1.218,1.252,175294437,1.23948
"2013/12/13",1.243,1.262,1.243,1.251,110660794,1.23849
"2013/12/16",1.252,1.269,1.24,1.255,117900284,1.24245
"2013/12/17",1.251,1.256,1.223,1.239,175936900,1.22661
"2013/12/18",1.24,1.241,1.22,1.228,64845786,1.21572
"2013/12/19",1.23,1.258,1.229,1.234,144145783,1.22166
"2013/12/20",1.232,1.242,1.221,1.23,113968371,1.2177
"2013/12/23",1.225,1.229,1.2,1.215,65720431,1.20285
"2013/12/24",1.215,1.242,1.21,1.236,90223000,1.22364
"2013/12/25",1.238,1.266,1.23,1.262,138721363,1.24938
"2013/12/26",1.261,1.269,1.238,1.243,153325310,1.23057
"2013/12/27",1.236,1.275,1.236,1.273,112310227,1.26027
"2013/12/30",1.273,1.281,1.266,1.28,131775156,1.2672
"2013/12/31",1.277,1.282,1.26,1.274,62999502,1.26126
"2014/01/02",1.273,1.307,1.273,1.306,137141454,1.29294
"2014/01/03",1.3,1.328,1.298,1.325,154965662,1.31175
"2014/01/06",1.324,1.326,1.292,1.299,147459662,1.28601
"2014/01/07",1.29,1.328,1.285,1.324,164313270,1.31076
"2014/01/08",1.342,1.384,1.332,1.375,223675486,1.36125
"2014/01/09",1.37,1.394,1.343,1.348,166187461,1.33452
"2014/01/10",1.338,1.362,1.318,1.324,112777834,1.31076
"2014/01/13",1.323,1.35,1.321,1.336,68706047,1.32264
"2014/01/14",1.336,1.377,1.33,1.377,101357596,1.36323
"2014/01/15",1.378,1.395,1.371,1.39,179409180,1.3761
"2014/01/16",1.387,1.399,1.362,1.371,101153829,1.35729
"2014/01/17",1.365,1.383,1.36,1.367,136466769,1.35333
"2014/01/20",1.361,1.371,1.332,1.342,110493080,1.32858
"2014/01/21",1.34,1.381,1.339,1.381,140723888,1.36719
"2014/01/22",1.384,1.403,1.375,1.399,191460687,1.38501
"2014/01/23",1.4,1.443,1.4,1.43,249642446,1.4157
"2014/01/24",1.424,1.464,1.422,1.453,162057011,1.43847
"2014/01/27",1.448,1.469,1.43,1.445,182934866,1.43055
"2014/01/28",1.443,1.453,1.413,1.441,222916683,1.42659
"2014/01/29",1.441,1.466,1.435,1.466,99943180,1.45134
"2014/01/30",1.464,1.48,1.448,1.463,75507643,1.44837
"2014/02/07",1.451,1.5,1.45,1.498,144614287,1.48302
"2014/02/10",1.505,1.523,1.491,1.516,142459863,1.50084
"2014/02/11",1.515,1.526,1.473,1.492,185547670,1.47708
"2014/02/12",1.488,1.508,1.478,1.506,146044335,1.49094
"2014/02/13",1.499,1.508,1.45,1.45,199937363,1.4355
"2014/02/14",1.449,1.481,1.441,1.479,231239305,1.46421
"2014/02/17",1.483,1.523,1.483,1.521,233667119,1.50579
"2014/02/18",1.521,1.524,1.5,1.507,245828886,1.49193
"2014/02/19",1.505,1.513,1.487,1.506,209316159,1.49094
"2014/02/20",1.501,1.507,1.467,1.483,246442992,1.46817
"2014/02/21",1.47,1.49,1.467,1.483,216814153,1.46817
"2014/02/24",1.481,1.507,1.472,1.505,259606982,1.48995
"2014/02/25",1.505,1.534,1.421,1.432,379390469,1.41768
"2014/02/26",1.406,1.431,1.38,1.431,391533754,1.41669
"2014/02/27",1.432,1.461,1.373,1.385,204574674,1.37115
"2014/02/28",1.38,1.405,1.36,1.4,303751420,1.386
"2014/03/03",1.4,1.433,1.39,1.43,222295903,1.4157
"2014/03/04",1.42,1.438,1.408,1.421,227967584,1.40679
"2014/03/05",1.425,1.433,1.414,1.427,143103529,1.41273
"2014/03/06",1.418,1.427,1.389,1.426,202756033,1.41174
"2014/03/07",1.425,1.441,1.413,1.428,111726184,1.41372
"2014/03/10",1.408,1.408,1.368,1.37,207178487,1.3563
"2014/03/11",1.367,1.376,1.346,1.363,122344874,1.34937
"2014/03/12",1.358,1.382,1.344,1.364,289914634,1.35036
"2014/03/13",1.365,1.407,1.363,1.405,196571827,1.39095
"2014/03/14",1.396,1.412,1.387,1.398,226244735,1.38402
"2014/03/17",1.401,1.441,1.395,1.438,170949345,1.42362
"2014/03/18",1.441,1.456,1.439,1.444,218282222,1.42956
"2014/03/19",1.44,1.444,1.418,1.427,193961123,1.41273
"2014/03/20",1.426,1.429,1.38,1.382,147412537,1.36818
"2014/03/21",1.373,1.39,1.346,1.382,265692479,1.36818
"2014/03/24",1.375,1.382,1.351,1.359,109332201,1.34541
"2014/03/25",1.354,1.376,1.346,1.359,153889418,1.34541
"2014/03/26",1.36,1.389,1.36,1.385,203938622,1.37115
"2014/03/27",1.375,1.379,1.332,1.332,150204112,1.31868
"2014/03/28",1.326,1.33,1.283,1.292,167909189,1.27908
"2014/03/31",1.293,1.306,1.28,1.297,154167700,1.28403
"2014/04/01",1.298,1.324,1.294,1.321,216807173,1.30779
"2014/04/02",1.323,1.327,1.284,1.292,148374191,1.27908
"2014/04/03",1.29,1.311,1.285,1.294,188949366,1.28106
"2014/04/04",1.29,1.315,1.28,1.314,221864382,1.30086
"2014/04/08",1.295,1.318,1.291,1.318,128520351,1.30482
"2014/04/09",1.316,1.344,1.316,1.336,217988730,1.32264
"2014/04/10",1.34,1.363,1.339,1.347,185670969,1.33353
"2014/04/11",1.342,1.342,1.318,1.329,163787113,1.31571
"2014/04/14",1.329,1.344,1.329,1.339,112118952,1.32561
"2014/04/15",1.337,1.345,1.33,1.333,75496655,1.31967
"2014/04/16",1.327,1.335,1.317,1.328,51995459,1.31472
"2014/04/17",1.325,1.34,1.325,1.337,84335491,1.32363
"2014/04/18",1.331,1.346,1.325,1.344,76858515,1.33056
"2014/04/21",1.33,1.351,1.326,1.329,89462531,1.31571
"2014/04/22",1.326,1.335,1.286,1.303,74842667,1.28997
"2014/04/23",1.298,1.307,1.286,1.297,34656161,1.28403
"2014/04/24",1.295,1.3,1.271,1.284,77910612,1.27116
"2014/04/25",1.282,1.287,1.256,1.26,156444225,1.2474
"2014/04/28",1.255,1.258,1.225,1.228,233311624,1.21572
"2014/04/29",1.225,1.244,1.22,1.235,161721714,1.22265
"2014/04/30",1.234,1.257,1.23,1.254,126769033,1.24146
"2014/05/05",1.253,1.274,1.25,1.272,192622468,1.25928
"2014/05/06",1.272,1.296,1.27,1.285,163296929,1.27215
"2014/05/07",1.278,1.279,1.256,1.257,54294861,1.24443
"2014/05/08",1.251,1.273,1.248,1.252,113237640,1.23948
"2014/05/09",1.25,1.252,1.22,1.23,119935113,1.2177
"2014/05/12",1.236,1.252,1.222,1.252,132303925,1.23948
"2014/05/13",1.251,1.264,1.24,1.245,159661195,1.23255
"2014/05/14",1.241,1.254,1.24,1.253,80900592,1.24047
"2014/05/15",1.248,1.256,1.223,1.223,116337150,1.21077
"2014/05/16",1.218,1.227,1.186,1.202,119142526,1.18998
"2014/05/19",1.195,1.21,1.188,1.203,111782353,1.19097
"2014/05/20",1.218,1.236,1.212,1.22,147457347,1.2078
"2014/05/21",1.21,1.234,1.205,1.234,107850869,1.22166
"2014/05/22",1.234,1.261,1.233,1.242,191610724,1.22958
"2014/05/23",1.241,1.272,1.234,1.27,132810910,1.2573
"2014/05/26",1.275,1.297,1.274,1.289,209501904,1.27611
"2014/05/27",1.288,1.29,1.275,1.277,140558358,1.26423
"2014/05/28",1.278,1.314,1.275,1.314,190813396,1.30086
"2014/05/29",1.314,1.321,1.285,1.287,217267356,1.27413
"2014/05/30",1.283,1.296,1.272,1.291,182912220,1.27809
"2014/06/03",1.291,1.305,1.287,1.287,172929645,1.27413
"2014/06/04",1.285,1.295,1.275,1.295,185461409,1.28205
"2014/06/05",1.294,1.329,1.29,1.325,253917890,1.31175
"2014/06/06",1.326,1.335,1.312,1.321,245424977,1.30779
"2014/06/09",1.315,1.321,1.294,1.294,106173891,1.28106
"2014/06/10",1.299,1.329,1.287,1.324,254028928,1.31076
"2014/06/11",1.318,1.343,1.316,1.337,208283243,1.32363
"2014/06/12",1.337,1.347,1.326,1.334,150082138,1.32066
"2014/06/13",1.329,1.359,1.327,1.35,184779904,1.3365
"2014/06/16",1.352,1.368,1.352,1.363,164677837,1.34937
"2014/06/17",1.36,1.363,1.347,1.35,172675951,1.3365
"2014/06/18",1.351,1.355,1.33,1.337,137914112,1.32363
"2014/06/19",1.332,1.342,1.281,1.291,234300814,1.27809
"2014/06/20",1.29,1.307,1.285,1.305,228947183,1.29195
"2014/06/23",1.305,1.337,1.305,1.332,205076225,1.31868
"2014/06/24",1.329,1.344,1.327,1.342,135753606,1.32858
"2014/06/25",1.341,1.341,1.317,1.328,162587697,1.31472
"2014/06/26",1.332,1.362,1.33,1.355,286513321,1.34145
"2014/06/27",1.355,1.368,1.351,1.357,181090106,1.34343
"2014/06/30",1.357,1.375,1.343,1.372,213277133,1.35828
"2014/07/01",1.376,1.385,1.368,1.381,198905495,1.36719
"2014/07/02",1.38,1.395,1.37,1.389,156538877,1.37511
"2014/07/03",1.388,1.398,1.379,1.389,93079925,1.37511
"2014/07/04",1.388,1.392,1.375,1.381,116254031,1.36719
"2014/07/07",1.375,1.378,1.35,1.364,167348016,1.35036
"2014/07/08",1.36,1.381,1.348,1.381,189986751,1.36719
"2014/07/09",1.378,1.387,1.35,1.353,226780737,1.33947
"2014/07/10",1.351,1.359,1.33,1.332,150463462,1.31868
"2014/07/11",1.328,1.342,1.321,1.329,123269939,1.31571
"2014/07/14",1.329,1.338,1.313,1.338,196471880,1.32462
"2014/07/15",1.334,1.336,1.303,1.311,165520121,1.29789
"2014/07/16",1.31,1.315,1.28,1.289,165901657,1.27611
"2014/07/17",1.287,1.296,1.276,1.282,238885543,1.26918
"2014/07/18",1.282,1.294,1.273,1.279,152278945,1.26621
"2014/07/21",1.28,1.287,1.26,1.278,210482718,1.26522
"2014/07/22",1.275,1.303,1.274,1.301,208304038,1.28799
"2014/07/23",1.301,1.303,1.26,1.263,216782933,1.25037
"2014/07/24",1.261,1.263,1.228,1.242,242756822,1.22958
"2014/07/25",1.242,1.261,1.237,1.257,210829422,1.24443
"2014/07/28",1.258,1.288,1.255,1.285,212461590,1.27215
"2014/07/29",1.287,1.309,1.281,1.3,209333613,1.287
"2014/07/30",1.298,1.316,1.295,1.313,173408945,1.29987
"2014/07/31",1.312,1.318,1.302,1.313,148205696,1.29987
"2014/08/01",1.31,1.314,1.29,1.29,182826696,1.2771
"2014/08/04",1.285,1.302,1.285,1.299,132469705,1.28601
"2014/08/05",1.301,1.335,1.289,1.332,339983045,1.31868
"2014/08/06",1.326,1.338,1.321,1.335,255724928,1.32165
"2014/08/07",1.334,1.351,1.329,1.332,226420576,1.31868
"2014/08/08",1.335,1.351,1.335,1.347,92430091,1.33353
"2014/08/11",1.348,1.369,1.347,1.366,142473036,1.35234
"2014/08/12",1.364,1.371,1.359,1.364,134788116,1.35036
"2014/08/13",1.36,1.364,1.336,1.35,104729868,1.3365
"2014/08/14",1.351,1.363,1.342,1.346,99095116,1.33254
"2014/08/15",1.346,1.36,1.344,1.36,64521492,1.3464
"2014/08/18",1.36,1.396,1.36,1.396,211049383,1.38204
"2014/08/19",1.402,1.414,1.391,1.404,143720653,1.38996
"2014/08/20",1.418,1.418,1.385,1.392,94449313,1.37808
"2014/08/21",1.39,1.416,1.386,1.415,160857756,1.40085
"2014/08/22",1.417,1.435,1.413,1.429,125333174,1.41471
"2014/08/25",1.426,1.428,1.403,1.408,174833199,1.39392
"2014/08/26",1.403,1.41,1.371,1.377,177918287,1.36323
"2014/08/27",1.376,1.394,1.373,1.388,132630442,1.37412
"2014/08/28",1.388,1.39,1.365,1.37,173462256,1.3563
"2014/08/29",1.371,1.396,1.37,1.394,121567372,1.38006
"2014/09/01",1.395,1.421,1.395,1.417,123037407,1.40283
"2014/09/02",1.422,1.432,1.414,1.43,135060367,1.4157
"2014/09/03",1.428,1.443,1.422,1.439,135360697,1.42461
"2014/09/04",1.437,1.46,1.434,1.457,111749937,1.44243
"2014/09/05",1.456,1.466,1.442,1.46,102708731,1.4454
"2014/09/09",1.453,1.458,1.438,1.458,132901491,1.44342
"2014/09/10",1.454,1.469,1.447,1.467,136359898,1.45233
"2014/09/11",1.466,1.493,1.46,1.471,219630973,1.45629
"2014/09/12",1.469,1.486,1.463,1.483,122378932,1.46817
"2014/09/15",1.478,1.489,1.47,1.483,125212627,1.46817
"2014/09/16",1.485,1.49,1.432,1.438,164337783,1.42362
"2014/09/17",1.439,1.442,1.418,1.44,175372467,1.4256
"2014/09/18",1.439,1.457,1.433,1.456,162208619,1.44144
"2014/09/19",1.457,1.465,1.447,1.46,88239551,1.4454
"2014/09/22",1.452,1.454,1.44,1.442,123909217,1.42758
"2014/09/23",1.442,1.464,1.442,1.461,104993361,1.44639
"2014/09/24",1.459,1.481,1.455,1.479,71967150,1.46421
"2014/09/25",1.484,1.486,1.464,1.469,64567069,1.45431
"2014/09/26",1.462,1.474,1.461,1.472,61374948,1.45728
"2014/09/29",1.472,1.489,1.472,1.489,68281246,1.47411
"2014/09/30",1.488,1.501,1.483,1.5,59102064,1.485
"2014/10/08",1.501,1.517,1.493,1.515,59633382,1.49985
"2014/10/09",1.515,1.524,1.496,1.519,103714320,1.50381
"2014/10/10",1.513,1.52,1.502,1.512,91865092,1.49688
"2014/10/13",1.502,1.508,1.484,1.505,127065665,1.48995
"2014/10/14",1.503,1.521,1.49,1.493,140868655,1.47807
"2014/10/15",1.493,1.505,1.483,1.502,93798227,1.48698
"2014/10/16",1.492,1.51,1.481,1.482,90641324,1.46718
"2014/10/17",1.482,1.488,1.441,1.47,130524644,1.4553
"2014/10/20",1.465,1.495,1.465,1.495,78958227,1.48005
"2014/10/21",1.495,1.497,1.474,1.474,91127379,1.45926
"2014/10/22",1.47,1.487,1.46,1.464,73940270,1.44936
"2014/10/23",1.459,1.461,1.433,1.438,114280619,1.42362
"2014/10/24",1.439,1.455,1.435,1.441,83080193,1.42659
"2014/10/27",1.438,1.453,1.429,1.453,87568978,1.43847
"2014/10/28",1.456,1.485,1.455,1.483,97228817,1.46817
"2014/10/29",1.488,1.494,1.481,1.489,65894337,1.47411
"2014/10/30",1.489,1.497,1.479,1.481,57393890,1.46619
"2014/10/31",1.481,1.486,1.462,1.473,89843756,1.45827
"2014/11/03",1.475,1.493,1.471,1.491,152172600,1.47609
"2014/11/04",1.491,1.496,1.47,1.47,120613283,1.4553
"2014/11/05",1.471,1.479,1.464,1.471,108953235,1.45629
"2014/11/06",1.473,1.493,1.469,1.492,131831043,1.47708
"2014/11/07",1.49,1.503,1.476,1.477,156292378,1.46223
"2014/11/10",1.48,1.483,1.462,1.476,68892291,1.46124
"2014/11/11",1.476,1.476,1.412,1.425,103987252,1.41075
"2014/11/12",1.423,1.441,1.418,1.44,120608180,1.4256
"2014/11/13",1.433,1.433,1.395,1.407,198927423,1.39293
"2014/11/14",1.4,1.414,1.397,1.406,163129951,1.39194
"2014/11/17",1.401,1.439,1.398,1.432,228832456,1.41768
"2014/11/18",1.43,1.445,1.425,1.441,223519935,1.42659
"2014/11/19",1.447,1.469,1.446,1.464,189338574,1.44936
"2014/11/20",1.458,1.459,1.425,1.451,89374307,1.43649
"2014/11/21",1.45,1.467,1.45,1.462,139230925,1.44738
"2014/11/24",1.483,1.483,1.452,1.47,51524210,1.4553
"2014/11/25",1.469,1.5,1.466,1.496,176335064,1.48104
"2014/11/26",1.495,1.516,1.495,1.51,99698494,1.4949
"2014/11/27",1.508,1.52,1.498,1.518,92576830,1.50282
"2014/11/28",1.517,1.537,1.505,1.524,146091369,1.50876
"2014/12/01",1.52,1.52,1.495,1.505,63822616,1.48995
"2014/12/02",1.497,1.523,1.497,1.517,100828792,1.50183
"2014/12/03",1.517,1.56,1.486,1.559,363452119,1.54341
"2014/12/04",1.563,1.586,1.553,1.579,357950999,1.56321
"2014/12/05",1.57,1.57,1.492,1.529,160214439,1.51371
"2014/12/08",1.522,1.553,1.51,1.518,156144550,1.50282
"2014/12/09",1.509,1.53,1.46,1.464,148317585,1.44936
"2014/12/10",1.46,1.538,1.455,1.536,165209984,1.52064
"2014/12/11",1.536,1.548,1.51,1.546,175803775,1.53054
"2014/12/12",1.549,1.577,1.531,1.569,355597199,1.55331
"2014/12/15",1.572,1.611,1.567,1.601,311928223,1.58499
"2014/12/16",1.604,1.617,1.575,1.59,227519377,1.5741
"2014/12/17",1.58,1.6,1.559,1.595,160165424,1.57905
"2014/12/18",1.582,1.61,1.572,1.577,169356960,1.56123
"2014/12/19",1.561,1.57,1.518,1.541,148417979,1.52559
"2014/12/22",1.534,1.534,1.465,1.47,225597380,1.4553
"2014/12/23",1.455,1.504,1.445,1.461,220334883,1.44639
"2014/12/24",1.468,1.482,1.45,1.48,190473956,1.4652
"2014/12/25",1.475,1.486,1.463,1.48,146251133,1.4652
"2014/12/26",1.475,1.493,1.475,1.488,74934207,1.47312
"2014/12/29",1.489,1.489,1.446,1.463,98771514,1.44837
"2014/12/30",1.458,1.458,1.411,1.423,67070002,1.40877
"2014/12/31",1.426,1.438,1.413,1.43,185928591,1.4157
"2015/01/05",1.424,1.432,1.393,1.424,222700162,1.40976
"2015/01/06",1.422,1.506,1.409,1.502,527302747,1.48698
"2015/01/07",1.5,1.504,1.47,1.474,582000282,1.45926
"2015/01/08",1.467,1.518,1.467,1.493,378982141,1.47807
"2015/01/09",1.485,1.536,1.48,1.503,386942008,1.48797
"2015/01/12",1.495,1.542,1.475,1.54,335834327,1.5246
"2015/01/13",1.538,1.562,1.526,1.551,225385170,1.53549
"2015/01/14",1.546,1.554,1.526,1.536,141370160,1.52064
"2015/01/15",1.534,1.558,1.526,1.534,196626059,1.51866
"2015/01/16",1.528,1.596,1.528,1.592,233018065,1.57608
"2015/01/19",1.576,1.637,1.548,1.579,797703716,1.56321
"2015/01/20",1.581,1.657,1.581,1.657,522303353,1.64043
"2015/01/21",1.662,1.673,1.636,1.668,353965198,1.65132
"2015/01/22",1.661,1.686,1.655,1.683,322768160,1.66617
"2015/01/23",1.682,1.683,1.632,1.638,163289615,1.62162
"2015/01/26",1.639,1.686,1.639,1.686,334561332,1.66914
"2015/01/27",1.686,1.698,1.651,1.688,266479654,1.67112
"2015/01/28",1.672,1.7,1.662,1.668,259146910,1.65132
"2015/01/29",1.655,1.676,1.648,1.652,134822508,1.63548
"2015/01/30",1.651,1.661,1.614,1.623,92230557,1.60677
"2015/02/02",1.609,1.653,1.604,1.639,225932855,1.62261
"2015/02/03",1.647,1.701,1.64,1.693,262827722,1.67607
"2015/02/04",1.693,1.708,1.676,1.698,226856545,1.68102
"2015/02/05",1.685,1.746,1.68,1.709,365219960,1.69191
"2015/02/06",1.708,1.719,1.661,1.661,214536142,1.64439
"2015/02/09",1.661,1.693,1.642,1.645,190073709,1.62855
"2015/02/10",1.64,1.687,1.638,1.685,199941676,1.66815
"2015/02/11",1.684,1.717,1.681,1.705,227823703,1.68795
"2015/02/12",1.706,1.734,1.706,1.72,273783086,1.7028
"2015/02/13",1.728,1.763,1.725,1.761,289476296,1.74339
"2015/02/16",1.767,1.83,1.766,1.83,243171446,1.8117
"2015/02/17",1.839,1.839,1.798,1.82,265423849,1.8018
"2015/02/25",1.825,1.837,1.795,1.803,270911572,1.78497
"2015/02/26",1.803,1.823,1.78,1.814,234880534,1.79586
"2015/02/27",1.812,1.863,1.809,1.863,311136117,1.84437
"2015/03/02",1.868,1.918,1.863,1.914,317260654,1.89486
"2015/03/03",1.913,1.929,1.882,1.883,499466551,1.86417
"2015/03/04",1.881,1.942,1.881,1.94,342300660,1.9206
"2015/03/05",1.94,1.958,1.919,1.938,348730842,1.91862
"2015/03/06",1.937,1.939,1.872,1.88,322851901,1.8612
"2015/03/09",1.855,1.928,1.855,1.927,397867499,1.90773
"2015/03/10",1.92,1.974,1.914,1.972,432549488,1.95228
"2015/03/11",1.971,1.977,1.94,1.96,314462717,1.9404
"2015/03/12",1.953,1.976,1.908,1.94,356043026,1.9206
"2015/03/13",1.945,1.996,1.932,1.992,416889289,1.97208
"2015/03/16",2.005,2.07,2.001,2.061,400718930,2.04039
"2015/03/17",2.063,2.08,2.035,2.053,341138645,2.03247
"2015/03/18",2.049,2.104,2.037,2.099,499147802,2.07801
"2015/03/19",2.09,2.103,2.07,2.095,317108111,2.07405
"2015/03/20",2.094,2.145,2.091,2.126,533573662,2.10474
"2015/03/23",2.13,2.209,2.126,2.206,472474288,2.18394
"2015/03/24",2.21,2.286,2.156,2.273,704747050,2.25027
"2015/03/25",2.269,2.311,2.248,2.288,744660859,2.26512
"2015/03/26",2.26,2.278,2.17,2.19,363620177,2.1681
"2015/03/27",2.18,2.233,2.17,2.228,677576919,2.20572
"2015/03/30",2.21,2.236,2.165,2.193,370390892,2.17107
"2015/03/31",2.19,2.264,2.19,2.247,587371057,2.22453
"2015/04/01",2.241,2.301,2.24,2.296,525741716,2.27304
"2015/04/02",2.33,2.377,2.306,2.369,519559010,2.34531
"2015/04/03",2.357,2.406,2.347,2.391,632172200,2.36709
"2015/04/07",2.402,2.443,2.39,2.438,392764513,2.41362
"2015/04/08",2.439,2.444,2.328,2.377,564112115,2.35323
"2015/04/09",2.346,2.48,2.24,2.466,593466652,2.44134
"2015/04/10",2.361,2.453,2.341,2.424,654687426,2.39976
"2015/04/13",2.435,2.476,2.4,2.451,394722668,2.42649
"2015/04/14",2.455,2.476,2.4,2.44,401289409,2.4156
"2015/04/15",2.43,2.437,2.32,2.33,544784125,2.3067
"2015/04/16",2.309,2.423,2.304,2.375,538560012,2.35125
"2015/04/17",2.391,2.405,2.345,2.368,353435480,2.34432
"2015/04/20",2.355,2.395,2.305,2.318,508712231,2.29482
"2015/04/21",2.33,2.496,2.33,2.496,465402456,2.47104
"2015/04/22",2.497,2.55,2.497,2.524,453316167,2.49876
"2015/04/23",2.53,2.611,2.53,2.598,468781284,2.57202
"2015/04/24",2.566,2.652,2.558,2.645,451185756,2.61855
"2015/04/27",2.67,2.7,2.623,2.65,335476201,2.6235
"2015/04/28",2.67,2.693,2.555,2.583,530901534,2.55717
"2015/04/29",2.561,2.723,2.561,2.723,403454076,2.69577
"2015/04/30",2.72,2.81,2.709,2.748,701680932,2.72052
"2015/05/04",2.758,2.777,2.691,2.74,672800349,2.7126
"2015/05/05",2.731,2.737,2.641,2.67,504135632,2.6433
"2015/05/06",2.7,2.845,2.7,2.738,759777512,2.71062
"2015/05/07",2.71,2.766,2.68,2.686,639602472,2.65914
"2015/05/08",2.72,2.91,2.72,2.894,585159880,2.86506
"2015/05/11",2.908,3.078,2.866,3.05,569228778,3.0195
"2015/05/12",3.063,3.147,3.002,3.129,876827468,3.09771
"2015/05/13",3.05,3.115,2.987,3.036,730238627,3.00564
"2015/05/14",3.03,3.095,2.999,3.008,667815697,2.97792
"2015/05/15",2.971,3.05,2.928,3.016,966989857,2.98584
"2015/05/18",3.043,3.157,3.043,3.157,533217109,3.12543
"2015/05/19",3.176,3.208,3.064,3.185,804229678,3.15315
"2015/05/20",3.192,3.339,3.192,3.264,608122548,3.23136
"2015/05/21",3.27,3.411,3.27,3.41,591439604,3.3759
"2015/05/22",3.456,3.499,3.3,3.382,872178199,3.34818
"2015/05/25",3.271,3.355,3.225,3.327,793681301,3.29373
"2015/05/26",3.313,3.465,3.31,3.463,706468548,3.42837
"2015/05/27",3.475,3.5,3.377,3.463,664978974,3.42837
"2015/05/28",3.445,3.508,3.265,3.29,972450143,3.2571
"2015/05/29",3.3,3.437,3.158,3.384,1102958875,3.35016
"2015/06/01",3.398,3.568,3.398,3.568,690552183,3.53232
"2015/06/02",3.583,3.769,3.567,3.768,940844770,3.73032
"2015/06/03",3.772,3.828,3.654,3.79,1131207043,3.7521
"2015/06/04",3.798,3.825,3.51,3.751,1083801670,3.71349
"2015/06/05",3.801,3.845,3.645,3.703,785346748,3.66597
"2015/06/08",3.65,3.679,3.418,3.533,700436719,3.49767
"2015/06/09",3.475,3.61,3.46,3.526,802467595,3.49074
"2015/06/10",3.505,3.704,3.484,3.66,831577519,3.6234
"2015/06/11",3.652,3.69,3.62,3.666,825589246,3.62934
"2015/06/12",3.692,3.729,3.657,3.704,765087244,3.66696
"2015/06/15",3.712,3.725,3.492,3.512,669333204,3.47688
"2015/06/16",3.45,3.475,3.295,3.402,790781383,3.36798
"2015/06/17",3.39,3.55,3.327,3.545,946738715,3.50955
"2015/06/18",3.545,3.558,3.3,3.32,796993455,3.2868
"2015/06/19",3.22,3.313,3.142,3.15,774059098,3.1185
"2015/06/23",3.15,3.302,2.951,3.208,864715874,3.17592
"2015/06/24",3.22,3.276,3.13,3.199,739008012,3.16701
"2015/06/25",3.215,3.223,3.017,3.03,418357357,2.9997
"2015/06/26",2.947,2.948,2.727,2.767,418687424,2.73933
"2015/06/29",2.76,2.786,2.49,2.49,302560967,2.4651
"2015/06/30",2.44,2.739,2.25,2.733,549847890,2.70567
"2015/07/01",2.66,2.843,2.56,2.56,851371440,2.5344
"2015/07/02",2.55,2.669,2.321,2.47,908206609,2.4453
"2015/07/03",2.4,2.64,2.296,2.457,1015051710,2.43243
"2015/07/06",2.7,2.7,2.228,2.33,677830322,2.3067
"2015/07/07",2.245,2.252,2.097,2.097,202770351,2.07603
"2015/07/08",1.887,2.027,1.887,1.899,395661296,1.88001
"2015/07/09",1.901,2.089,1.898,2.089,146670095,2.06811
"2015/07/10",2.29,2.298,2.241,2.298,57171785,2.27502
"2015/07/13",2.524,2.528,2.42,2.528,183571951,2.50272
"2015/07/14",2.5,2.781,2.492,2.657,401574010,2.63043
"2015/07/15",2.607,2.612,2.4,2.405,374726730,2.38095
"2015/07/16",2.302,2.574,2.261,2.489,425314064,2.46411
"2015/07/17",2.515,2.725,2.499,2.688,615250269,2.66112
"2015/07/20",2.67,2.78,2.62,2.69,816441735,2.6631
"2015/07/21",2.64,2.758,2.625,2.707,787507870,2.67993
"2015/07/22",2.715,2.779,2.651,2.754,902541181,2.72646
"2015/07/23",2.748,2.833,2.712,2.82,596383202,2.7918
"2015/07/24",2.819,2.858,2.682,2.74,643245656,2.7126
"2015/07/27",2.67,2.759,2.466,2.466,686593441,2.44134
"2015/07/28",2.38,2.559,2.328,2.395,667925555,2.37105
"2015/07/29",2.441,2.573,2.253,2.573,752922604,2.54727
"2015/07/30",2.52,2.564,2.399,2.4,698725970,2.376
"2015/07/31",2.36,2.47,2.309,2.368,516981908,2.34432
"2015/08/03",2.325,2.355,2.221,2.24,222780705,2.2176
"2015/08/04",2.256,2.445,2.245,2.442,302909223,2.41758
"2015/08/05",2.417,2.448,2.321,2.358,265862350,2.33442
"2015/08/06",2.295,2.382,2.282,2.35,225345270,2.3265
"2015/08/07",2.386,2.46,2.368,2.459,256242397,2.43441
"2015/08/10",2.475,2.645,2.46,2.622,376288245,2.59578
"2015/08/11",2.614,2.619,2.533,2.565,363773016,2.53935
"2015/08/12",2.52,2.568,2.487,2.489,331729316,2.46411
"2015/08/13",2.483,2.562,2.442,2.558,425321680,2.53242
"2015/08/14",2.58,2.59,2.523,2.525,339229066,2.49975
"2015/08/17",2.52,2.556,2.474,2.505,367898859,2.47995
"2015/08/18",2.531,2.585,2.29,2.343,384936581,2.31957
"2015/08/19",2.282,2.445,2.226,2.422,379863604,2.39778
"2015/08/20",2.415,2.47,2.36,2.362,352015736,2.33838
"2015/08/21",2.328,2.344,2.22,2.226,361202227,2.20374
"2015/08/24",2.112,2.124,2.003,2.003,274995004,1.98297
"2015/08/25",1.859,1.903,1.803,1.803,194899889,1.78497
"2015/08/26",1.78,1.892,1.715,1.74,235364055,1.7226
"2015/08/27",1.78,1.825,1.702,1.801,252713216,1.78299
"2015/08/28",1.825,1.955,1.785,1.941,251252308,1.92159
"2015/08/31",1.901,1.909,1.811,1.83,216058995,1.8117
"2015/09/01",1.797,1.81,1.719,1.725,152396239,1.70775
"2015/09/02",1.646,1.804,1.638,1.69,177155617,1.6731
"2015/09/07",1.741,1.825,1.726,1.763,196420187,1.74537
"2015/09/08",1.745,1.888,1.723,1.888,332088677,1.86912
"2015/09/09",1.91,1.975,1.88,1.943,451608874,1.92357
"2015/09/10",1.895,1.945,1.879,1.899,316232828,1.88001
"2015/09/11",1.905,1.942,1.89,1.922,222366678,1.90278
"2015/09/14",1.926,1.937,1.73,1.73,258683551,1.7127
"2015/09/15",1.687,1.734,1.621,1.633,228803777,1.61667
"2015/09/16",1.655,1.796,1.65,1.796,242136617,1.77804
"2015/09/17",1.808,1.868,1.75,1.763,250852700,1.74537
"2015/09/18",1.775,1.843,1.737,1.825,176914417,1.80675
"2015/09/21",1.796,1.965,1.77,1.965,330109138,1.94535
"2015/09/22",1.965,2.004,1.903,1.939,369510855,1.91961
"2015/09/23",1.874,1.958,1.874,1.915,217192658,1.89585
"2015/09/24",1.936,1.982,1.91,1.933,223686890,1.91367
"2015/09/25",1.924,1.933,1.803,1.845,197856693,1.82655
"2015/09/28",1.849,1.983,1.81,1.979,216232860,1.95921
"2015/09/29",1.935,1.977,1.911,1.952,196369362,1.93248
"2015/09/30",1.963,1.976,1.89,1.935,158367732,1.91565
"2015/10/08",2.035,2.095,1.993,2.08,229800480,2.0592
"2015/10/09",2.06,2.121,2.056,2.103,180350968,2.08197
"2015/10/12",2.113,2.266,2.103,2.22,430940434,2.1978
"2015/10/13",2.185,2.242,2.177,2.226,194278150,2.20374
"2015/10/14",2.22,2.228,2.17,2.182,191401195,2.16018
"2015/10/15",2.173,2.303,2.163,2.298,239176765,2.27502
"2015/10/16",2.307,2.34,2.267,2.329,300423695,2.30571
"2015/10/19",2.328,2.336,2.259,2.294,316637774,2.27106
"2015/10/20",2.28,2.391,2.28,2.391,247890174,2.36709
"2015/10/21",2.39,2.401,2.215,2.22,424240664,2.1978
"2015/10/22",2.225,2.348,2.225,2.348,370030435,2.32452
"2015/10/23",2.353,2.437,2.326,2.427,356789277,2.40273
"2015/10/26",2.443,2.445,2.366,2.398,283233756,2.37402
"2015/10/27",2.366,2.474,2.296,2.444,316052096,2.41956
"2015/10/28",2.409,2.455,2.351,2.36,269297766,2.3364
"2015/10/29",2.37,2.409,2.313,2.352,272533610,2.32848
"2015/10/30",2.346,2.404,2.308,2.349,354397503,2.32551
"2015/11/02",2.273,2.386,2.273,2.311,236741734,2.28789
"2015/11/03",2.303,2.33,2.281,2.305,202636291,2.28195
"2015/11/04",2.323,2.491,2.323,2.489,330447858,2.46411
"2015/11/05",2.485,2.508,2.421,2.443,442490258,2.41857
"2015/11/06",2.444,2.558,2.444,2.548,328086650,2.52252
"2015/11/09",2.521,2.617,2.478,2.583,314662258,2.55717
"2015/11/10",2.558,2.64,2.558,2.609,315936881,2.58291
"2015/11/11",2.603,2.68,2.59,2.68,245236388,2.6532
"2015/11/12",2.674,2.688,2.605,2.648,265455681,2.62152
"2015/11/13",2.606,2.63,2.548,2.58,284547263,2.5542
"2015/11/16",2.523,2.67,2.52,2.67,273482430,2.6433
"2015/11/17",2.688,2.699,2.555,2.569,340945298,2.54331
"2015/11/18",2.575,2.594,2.511,2.516,294260649,2.49084
"2015/11/19",2.526,2.63,2.526,2.624,362591952,2.59776
"2015/11/20",2.624,2.666,2.606,2.645,321089615,2.61855
"2015/11/23",2.628,2.684,2.601,2.619,302255253,2.59281
"2015/11/24",2.61,2.665,2.593,2.663,283607341,2.63637
"2015/11/25",2.654,2.755,2.65,2.746,334548194,2.71854
"2015/11/26",2.748,2.754,2.672,2.674,329000399,2.64726
"2015/11/27",2.655,2.685,2.471,2.496,505639611,2.47104
"2015/11/30",2.505,2.538,2.369,2.52,520356368,2.4948
"2015/12/01",2.51,2.545,2.449,2.507,335153890,2.48193
"2015/12/02",2.494,2.511,2.384,2.454,319775382,2.42946
"2015/12/03",2.461,2.563,2.46,2.561,381240508,2.53539
"2015/12/04",2.54,2.585,2.512,2.53,257653667,2.5047
"2015/12/07",2.534,2.591,2.527,2.571,255282091,2.54529
"2015/12/08",2.556,2.571,2.516,2.531,241519337,2.50569
"2015/12/09",2.515,2.54,2.493,2.51,242762104,2.4849
"2015/12/10",2.514,2.566,2.501,2.526,272203198,2.50074
"2015/12/11",2.519,2.541,2.502,2.51,197036692,2.4849
"2015/12/14",2.489,2.555,2.463,2.555,250407541,2.52945
"2015/12/15",2.551,2.598,2.547,2.577,263600770,2.55123
"2015/12/16",2.588,2.625,2.576,2.593,253719844,2.56707
"2015/12/17",2.611,2.674,2.611,2.674,270735820,2.64726
"2015/12/18",2.67,2.675,2.63,2.668,211762098,2.64132
"2015/12/21",2.654,2.669,2.631,2.663,229700183,2.63637
"2015/12/22",2.675,2.679,2.637,2.656,179878967,2.62944
"2015/12/23",2.658,2.666,2.599,2.6,242433401,2.574
"2015/12/24",2.597,2.633,2.565,2.624,249435896,2.59776
"2015/12/25",2.623,2.644,2.598,2.62,223670416,2.5938
"2015/12/28",2.623,2.643,2.551,2.551,186599643,2.52549
"2015/12/29",2.547,2.584,2.539,2.58,186528417,2.5542
"2015/12/30",2.581,2.608,2.56,2.605,163122350,2.57895
"2015/12/31",2.606,2.612,2.539,2.539,134376848,2.51361
"2016/01/04",2.531,2.538,2.301,2.306,187580064,2.28294
"2016/01/05",2.24,2.336,2.2,2.275,386728951,2.25225
"2016/01/06",2.291,2.33,2.25,2.321,341799175,2.29779
"2016/01/07",2.272,2.28,2.09,2.096,120379799,2.07504
"2016/01/08",2.17,2.19,2.03,2.125,417490126,2.10375
"2016/01/11",2.067,2.109,1.99,1.999,464373174,1.97901
"2016/01/12",2.011,2.067,1.979,2.036,260903543,2.01564
"2016/01/13",2.048,2.057,1.936,1.964,205516641,1.94436
"2016/01/14",1.904,2.079,1.885,2.072,221844759,2.05128
"2016/01/15",2.041,2.07,1.98,1.997,257490340,1.97703
"2016/01/18",1.966,2.097,1.964,2.07,291285714,2.0493
"2016/01/19",2.05,2.129,2.03,2.126,352749466,2.10474
"2016/01/20",2.102,2.129,2.069,2.085,313166180,2.06415
"2016/01/21",2.059,2.126,2.006,2.006,287312524,1.98594
"2016/01/22",2.027,2.047,1.971,2.042,314738888,2.02158
"2016/01/25",2.055,2.07,2.02,2.04,179524990,2.0196
"2016/01/26",2.01,2.024,1.845,1.888,404445864,1.86912
"2016/01/27",1.899,1.907,1.794,1.887,430385892,1.86813
"2016/01/28",1.869,1.883,1.799,1.808,262948634,1.78992
"2016/01/29",1.807,1.905,1.801,1.879,291176569,1.86021
"2016/02/01",1.875,1.902,1.85,1.895,248121108,1.87605
"2016/02/02",1.897,1.986,1.894,1.972,304571220,1.95228
"2016/02/03",1.949,2.005,1.924,1.988,288567382,1.96812
"2016/02/04",1.997,2.036,1.991,2.024,566915121,2.00376
"2016/02/05",2.029,2.037,1.997,1.999,461543196,1.97901
"2016/02/15",1.933,2.027,1.921,2.017,416772548,1.99683
"2016/02/16",2.022,2.106,2.022,2.099,425079522,2.07801
"2016/02/17",2.099,2.116,2.07,2.109,434546334,2.08791
"2016/02/18",2.126,2.135,2.085,2.09,421481275,2.0691
"2016/02/19",2.081,2.123,2.079,2.106,569471812,2.08494
"2016/04/05",2.093,2.175,2.092,2.168,679025900,2.14632
